account,ticker,exchange,qty,avg_cost,ccy
reer-cad,ETHH.B,TSX,3558,10.31558,CAD
reer-cad,SOLQ,TSX,3536,11.1159,CAD
reer-cad,ETHX.B,TSX,3446,10.77494,CAD
reer-cad,ETHY.B,TSX,2555,3.72515,CAD
reer-cad,COPR,TSX,1600,0.495,CAD
reer-cad,HCAL,TSX,361,25.279,CAD
reer-cad,URC,TSX,200,5.475,CAD
reer-cad,CSH.UN,TSX,138,17.01268,CAD
reer-cad,DND,TSX,125,6.986,CAD
reer-cad,VLE,TSX,120,4.32317,CAD
reer-cad,THX,TSX,119,1.42076,CAD
reer-cad,BTCY.B,TSX,100,5.03,CAD
reer-cad,DHT.UN,TSX,98,11.88061,CAD
reer-cad,AP.UN,TSX,89,16.1718,CAD
reer-cad,LSPD,TSX,49,19.32918,CAD
reer-cad,MDA,TSX,45,39.60,CAD
reer-cad,SHLD,TSX,40,28.44,CAD
reer-cad,BTCC.B,TSX,38,16.38947,CAD
reer-cad,ATD,TSX,32,84.22,CAD
reer-cad,ZWP,TSX,31,19.30355,CAD
reer-cad,ADEN,TSX,30,29.72,CAD
reer-cad,QQC,TSX,21,51.07,CAD
reer-cad,ASML,TSX,20,47.40,CAD
reer-cad,FCUV,TSX,20,27.29,CAD
reer-cad,LAC,TSX,20,7.57,CAD
reer-cad,ENB,TSX,15,56.01533,CAD
reer-cad,MDI,TSX,15,8.54533,CAD
reer-cad,TECK.B,TSX,14,75.96,CAD
reer-cad,ZGI,TSX,10,53.00,CAD
reer-cad,EFX,TSX,10,31.59,CAD
reer-cad,X,TSX,7,45.88143,CAD
reer-cad,BTCC,TSX,6,14.55,CAD
reer-cad,DRM,TSX,3,22.15,CAD
reer-cad,XCH,TSX,1,24.60,CAD
celi-cad,SOLQ,TSX,1575,11.47139,CAD
celi-cad,ETHX.B,TSX,1419,11.29871,CAD
celi-cad,ETHH.B,TSX,1445,10.30268,CAD
celi-cad,ETHY.B,TSX,507,3.2511,CAD
celi-cad,COPR,TSX,1125,0.45489,CAD
celi-cad,BIGT,TSX,1000,0.0075,CAD
celi-cad,VLE,TSX,130,4.28792,CAD
celi-cad,MNC,TSX,110,0.11682,CAD
celi-cad,HCAL,TSX,102,35.12059,CAD
celi-cad,URC,TSX,100,5.475,CAD
celi-cad,GPUS,TSX,100,0.23,CAD
celi-cad,PNG,TSX,55,5.79273,CAD
celi-cad,LSPD,TSX,46,24.35,CAD
celi-cad,KEY,TSX,39,50.55333,CAD
celi-cad,ZWU,TSX,34,11.65706,CAD
celi-cad,MDA,TSX,30,39.61,CAD
celi-cad,FRSH,TSX,24,0.385,CAD
celi-cad,SHLD,TSX,20,28.44,CAD
celi-cad,FCUV,TSX,20,27.30,CAD
celi-cad,AP.UN,TSX,20,10.37,CAD
celi-cad,X,TSX,20,29.30,CAD
celi-cad,TSLA,TSX,20,37.76,CAD
celi-cad,ATD,TSX,17,73.32176,CAD
celi-cad,NVDA,TSX,16,48.09,CAD
celi-cad,RUS,TSX,15,48.57,CAD
celi-cad,ENB,TSX,13,67.86538,CAD
celi-cad,ASML,TSX,10,47.40,CAD
celi-cad,QQC,TSX,10,51.06,CAD
celi-cad,LAC,TSX,10,7.57,CAD
celi-cad,DFSC,TSX,10,4.11,CAD
celi-cad,CJT,TSX,9,129.87111,CAD
celi-cad,MTCH,TSX,9,58.46222,CAD
celi-cad,MTY,TSX,8,44.145,CAD
celi-cad,X.TMX,TSX,7,45.88,CAD
celi-cad,BNS,TSX,6,82.375,CAD
celi-cad,ZGI,TSX,6,53.01,CAD
celi-cad,CNR,TSX,5,145.852,CAD
celi-cad,EFX,TSX,5,31.59,CAD
celi-cad,MTL,TSX,5,11.75,CAD
celi-cad,DRM,TSX,4,23.48,CAD
celi-cad,MATR,TSX,4,14.7925,CAD
celi-cad,GSY,TSX,2,36.17,CAD
celi-cad,BIP.UN,TSX,1,44.71,CAD
celi-cad,MHCD,TSX,1,11.83,CAD
celi-cad,TOI,TSX,1,76.51,CAD
celi-usd,HIMS,US,21,24.77095,USD
celi-usd,ETOR,US,15,39.60,USD
celi-usd,EDSA,US,15,10.42467,USD
celi-usd,DFH,US,10,20.362,USD
celi-usd,ETHA,US,9,12.39667,USD
celi-usd,CRCL,US,8,103.96,USD
celi-usd,PINS,US,8,24.42625,USD
celi-usd,TAN,US,7,69.20143,USD
celi-usd,MNSB,US,7,21.52286,USD
celi-usd,BMNR,US,6,19.36,USD
celi-usd,NVDA,US,5,215.356,USD
celi-usd,LUMN,US,14,6.235,USD
celi-usd,COHN,US,3,12.20667,USD
celi-usd,HPQ,US,3,29.43,USD
celi-usd,IREN,US,3,61.38,USD
celi-usd,SSRM,US,3,30.91,USD
celi-usd,VEA,US,3,60.55333,USD
celi-usd,AMD,US,2,494.95,USD
celi-usd,TSLA,US,2,431.965,USD
reer-usd,TSM,US,4,94.01,USD
reer-usd,TSLA,US,2,363.195,USD
reer-usd,VEA,US,4,71.275,USD
reer-usd,IREN,US,6,61.38,USD
reer-usd,COIN,US,2,298.795,USD
reer-usd,LUMN,US,10,6.778,USD
reer-usd,EDSA,US,11,11.70455,USD
reer-usd,TAN,US,4,71.0825,USD
reer-usd,SSRM,US,3,30.88,USD
reer-usd,HPQ,US,3,29.37667,USD
reer-usd,CRCL,US,1,105.30,USD
crypto-direct,XRP,CRYPTO,25169,0.9095,USD
crypto-direct,LINK,CRYPTO,2257.2,10.33,USD
crypto-direct,SOL,CRYPTO,138.18,78.64,USD
crypto-direct,SUI,CRYPTO,22472,1.1616,USD
crypto-direct,ONDO,CRYPTO,17280,0.2826,USD
crypto-direct,TRX,CRYPTO,17798,0.1091,USD
crypto-direct,TAO,CRYPTO,20.31,254.76,USD
crypto-direct,RENDER,CRYPTO,1103.9,1.838,USD
crypto-direct,DOGE,CRYPTO,5695,0.23,USD
